"workload.UnixTimeStamp.2501.5000.","arimaScaleupPrediction.1.2500."
1442962980,87.2692547529857
1442963040,87.9209925684694
1442963100,88.352408736013
1442963160,88.6379835564335
1442963220,88.8270190729338
1442963280,87.6742768967737
1442963340,88.0138194492052
1442963400,88.2385890590646
1442963460,88.3873815363389
1442963520,88.4858788434583
1442963580,90.925387365038
1442963640,90.9761446981591
1442963700,91.0097462552076
1442963760,91.0319906200443
1442963820,91.0467164783215
1442963880,84.071602000263
1442963940,84.0270208801359
1442964000,83.9975085735421
1442964060,83.9779716880174
1442964120,83.9650384428713
1442964180,85.3970210121093
1442964240,85.6373956572123
1442964300,85.7965218614593
1442964360,85.9018622099276
1442964420,85.9715967270545
1442964480,92.0601046158762
1442964540,92.6225254049846
1442964600,92.9948464128015
1442964660,93.2413218908532
1442964720,93.4044879760469
1442964780,98.9969140389474
1442964840,99.5136745546744
1442964900,99.8557785695346
1442964960,100.082257089897
1442965020,100.232189619062
1442965080,90.9734651644455
1442965140,90.8254683303745
1442965200,90.727495327713
1442965260,90.6626377967342
1442965320,90.6197025062931
1442965380,82.5252195838333
1442965440,82.2455381855932
1442965500,82.060383887248
1442965560,81.937808290832
1442965620,81.856660961437
1442965680,85.4450545185856
1442965740,85.5841494409849
1442965800,85.6762318848198
1442965860,85.7371915253039
1442965920,85.7775475108011
1442965980,83.6763905970427
1442966040,83.9111401053257
1442966100,84.0665457983742
1442966160,84.1694253724722
1442966220,84.2375323160402
1442966280,79.6119407805799
1442966340,79.3884837222964
1442966400,79.2405559586352
1442966460,79.1426283145953
1442966520,79.0778005687424
1442966580,86.7522850126015
1442966640,87.1721666930829
1442966700,87.4501238547483
1442966760,87.6341285096608
1442966820,87.7559376144401
1442966880,87.8808190531478
1442966940,88.2990933403491
1442967000,88.5759849561147
1442967060,88.7592832587531
1442967120,88.880624122243
1442967180,84.4817355932138
1442967240,85.2133379110314
1442967300,85.6976273136085
1442967360,86.0182061577928
1442967420,86.230415623438
1442967480,79.9414285923335
1442967540,79.8997172962904
1442967600,79.8721065390055
1442967660,79.8538296214755
1442967720,79.8417312313101
1442967780,88.8293380343685
1442967840,88.9067358818589
1442967900,88.9579684632415
1442967960,88.9918812590134
1442968020,89.0143294294165
1442968080,122.443058806239
1442968140,124.836781290102
1442968200,126.421796709559
1442968260,127.471322666246
1442968320,128.166271573516
1442968380,142.56747314781
1442968440,142.995324804504
1442968500,143.27865080752
1442968560,143.46627103226
1442968620,143.590514300994
1442968680,144.305198911493
1442968740,144.995339370446
1442968800,145.452278530505
1442968860,145.754816069475
1442968920,145.955124930012
1442968980,142.86999288819
1442969040,142.869141567603
1442969100,142.868577888855
1442969160,142.868204664318
1442969220,142.867957543853
1442969280,139.539634290497
1442969340,139.77735973856
1442969400,139.934757382679
1442969460,140.038970114534
1442969520,140.107969199885
1442969580,139.222927232079
1442969640,139.303298593558
1442969700,139.356512474825
1442969760,139.391745387487
1442969820,139.415073100202
1442969880,155.71063123866
1442969940,156.631059680581
1442970000,157.240522647238
1442970060,157.644079394083
1442970120,157.911295052514
1442970180,151.678390317077
1442970240,151.503895774768
1442970300,151.388356372083
1442970360,151.311853385821
1442970420,151.261197879813
1442970480,152.391863632222
1442970540,152.092543454897
1442970600,151.894353483033
1442970660,151.763125226728
1442970720,151.676234577866
1442970780,165.033087605912
1442970840,166.123960275522
1442970900,166.846231311319
1442970960,167.324449772266
1442971020,167.641080074544
1442971080,162.785338208822
1442971140,162.587572906707
1442971200,162.456641029391
1442971260,162.369956680246
1442971320,162.312566711196
1442971380,174.510498916949
1442971440,175.776361096906
1442971500,176.614397940126
1442971560,177.169202216386
1442971620,177.536498460514
1442971680,195.110305119758
1442971740,195.959585478454
1442971800,196.521875853027
1442971860,196.894156292694
1442971920,197.140635215376
1442971980,209.411748047998
1442972040,209.784796921994
1442972100,210.031820336892
1442972160,210.195392918828
1442972220,210.303706495387
1442972280,231.15611259213
1442972340,231.785947859259
1442972400,232.203077333849
1442972460,232.479335282003
1442972520,232.662296349412
1442972580,229.918854129213
1442972640,229.827514259383
1442972700,229.767022370008
1442972760,229.726960251603
1442972820,229.700428209908
1442972880,218.646028110455
1442972940,218.373829682703
1442973000,218.193580422358
1442973060,218.074219718759
1442973120,217.995179296977
1442973180,205.159106771654
1442973240,205.637091153163
1442973300,205.953612566685
1442973360,206.16321315008
1442973420,206.30201072485
1442973480,205.792543438322
1442973540,205.588504234552
1442973600,205.453406035116
1442973660,205.363954972998
1442973720,205.30472774016
1442973780,213.264218930072
1442973840,214.039942645588
1442973900,214.553548683574
1442973960,214.893606821515
1442974020,215.118759036691
1442974080,210.757692409713
1442974140,210.662909991822
1442974200,210.600154293607
1442974260,210.558603574115
1442974320,210.531092729055
1442974380,223.819936657581
1442974440,224.303541169724
1442974500,224.623750605738
1442974560,224.835771131473
1442974620,224.976156448948
1442974680,203.47031933293
1442974740,202.516508234693
1442974800,201.885047115296
1442974860,201.466994582621
1442974920,201.190227075157
1442974980,188.415117606789
1442975040,188.040428792223
1442975100,187.79233870493
1442975160,187.628072548536
1442975220,187.519308145932
1442975280,211.648640174544
1442975340,212.173583345622
1442975400,212.521052028526
1442975460,212.751047373263
1442975520,212.903285146632
1442975580,214.463063690562
1442975640,215.188091288897
1442975700,215.667987722726
1442975760,215.985631613427
1442975820,216.195880396681
1442975880,191.349725904961
1442975940,190.665662597876
1442976000,190.212896069121
1442976060,189.913219814836
1442976120,189.714870662064
1442976180,186.34393550883
1442976240,186.572513498162
1442976300,186.723819132433
1442976360,186.82397486059
1442976420,186.890272258773
1442976480,173.907280607466
1442976540,173.731110939018
1442976600,173.614485799445
1442976660,173.537279414826
1442976720,173.486168429255
1442976780,175.06979152026
1442976840,175.545333633308
1442976900,175.860151424936
1442976960,176.068566703429
1442977020,176.206541523989
1442977080,171.350800351453
1442977140,170.998302211842
1442977200,170.764946861657
1442977260,170.610464572701
1442977320,170.508196604205
1442977380,168.728322137321
1442977440,168.495359526574
1442977500,168.341128998537
1442977560,168.239022245431
1442977620,168.171423507602
1442977680,166.056533121372
1442977740,165.579743022901
1442977800,165.264087448565
1442977860,165.055109867175
1442977920,164.916757710348
1442977980,174.822322152856
1442978040,175.718473770954
1442978100,176.31175724634
1442978160,176.70453149911
1442978220,176.964561687104
1442978280,181.100815258509
1442978340,181.156810582001
1442978400,181.193880296263
1442978460,181.218420983411
1442978520,181.234667273344
1442978580,171.204455609346
1442978640,171.163246957397
1442978700,171.135968656545
1442978760,171.117911630602
1442978820,171.105958679878
1442978880,179.323645106537
1442978940,180.017811377384
1442979000,180.477320848276
1442979060,180.781497185713
1442979120,180.982849388699
1442979180,184.369848310036
1442979240,185.120606215117
1442979300,185.61759401216
1442979360,185.946590708349
1442979420,186.164380414148
1442979480,178.945357083123
1442979540,177.827049579904
1442979600,177.086927213182
1442979660,176.597096718308
1442979720,176.272915306563
1442979780,182.200611163158
1442979840,182.254708078895
1442979900,182.290512766075
1442979960,182.314210524193
1442980020,182.329895167296
1442980080,182.286159249675
1442980140,182.837449917298
1442980200,183.202324661181
1442980260,183.443819006257
1442980320,183.6036533595
1442980380,180.415935367345
1442980440,181.51538848418
1442980500,182.243066202604
1442980560,182.724682793418
1442980620,183.043442781082
1442980680,170.491377452555
1442980740,168.899120752032
1442980800,167.845287251034
1442980860,167.147808604871
1442980920,166.686183062134
1442980980,175.012698827768
1442981040,175.052943486321
1442981100,175.079579867051
1442981160,175.097209455771
1442981220,175.108877797711
1442981280,163.759424268367
1442981340,163.587162896837
1442981400,163.473141096043
1442981460,163.397668742949
1442981520,163.34771271663
1442981580,161.195948588394
1442981640,161.265656343816
1442981700,161.311798116824
1442981760,161.342340819046
1442981820,161.362558001832
1442981880,162.337775651768
1442981940,161.966607394168
1442982000,161.720927792603
1442982060,161.558310258939
1442982120,161.450672253641
1442982180,160.530166138364
1442982240,160.751712099658
1442982300,160.898343652438
1442982360,160.995392644643
1442982420,161.059625115141
1442982480,174.989665728739
1442982540,176.021420313036
1442982600,176.704331118948
1442982660,177.156344781818
1442982720,177.455529316097
1442982780,182.680948629937
1442982840,183.154897916358
1442982900,183.468617409666
1442982960,183.676276590302
1442983020,183.813731661543
1442983080,192.925360644104
1442983140,193.506591098877
1442983200,193.891306735543
1442983260,194.14594948504
1442983320,194.314497169853
1442983380,195.273510903986
1442983440,195.424805124039
1442983500,195.524951265103
1442983560,195.591240972445
1442983620,195.635120100017
1442983680,199.893656459854
1442983740,200.335220336219
1442983800,200.627531161735
1442983860,200.82103797533
1442983920,200.949137531142
1442983980,197.100075777492
1442984040,198.661301368708
1442984100,199.694611116385
1442984160,200.378515505765
1442984220,200.83116314106
1442984280,211.725735977692
1442984340,212.362656429096
1442984400,212.784231148128
1442984460,213.063269516791
1442984520,213.247963730345
1442984580,201.353469553814
1442984640,200.906036034819
1442984700,200.609934857781
1442984760,200.413981932214
1442984820,200.284304808259
1442984880,202.125477473013
1442984940,202.248435862505
1442985000,202.329806378902
1442985060,202.383655172514
1442985120,202.41929083887
1442985180,183.433498566763
1442985240,181.594653705381
1442985300,180.377861227473
1442985360,179.572690565505
1442985420,179.039896513386
1442985480,188.900281074696
1442985540,188.815743703106
1442985600,188.759800710225
1442985660,188.722780178432
1442985720,188.698281671942
1442985780,190.490684823831
1442985840,190.67576589627
1442985900,190.798248494106
1442985960,190.879304793246
1442986020,190.932946075732
1442986080,229.610018602024
1442986140,231.192145764003
1442986200,232.239418886661
1442986260,232.932650770797
1442986320,233.391528626809
1442986380,247.416724372982
1442986440,248.248670027379
1442986500,248.799456135649
1442986560,249.164101753376
1442986620,249.405513845168
1442986680,242.794119259679
1442986740,242.48590964331
1442986800,242.281841433855
1442986860,242.146726136024
1442986920,242.057265147678
1442986980,274.189447725434
1442987040,274.951161948839
1442987100,275.455442364088
1442987160,275.789292946617
1442987220,276.010313252155
1442987280,290.236193687109
1442987340,290.425964360136
1442987400,290.551634927461
1442987460,290.634856909235
1442987520,290.689968447265
1442987580,306.598332114286
1442987640,307.934519322025
1442987700,308.819562921726
1442987760,309.405784799047
1442987820,309.794077635201
1442987880,338.731802173466
1442987940,339.840922170782
1442988000,340.575667014161
1442988060,341.062404234821
1442988120,341.384846949609
1442988180,352.60453831343
1442988240,353.542678354758
1442988300,354.164256724402
1442988360,354.57609254058
1442988420,354.848960368306
1442988480,330.195077188467
1442988540,329.763241432355
1442988600,329.477187253896
1442988660,329.287700876597
1442988720,329.162182391338
1442988780,337.934445035514
1442988840,338.39719910125
1442988900,338.703740471537
1442988960,338.906802137884
1442989020,339.041315924069
1442989080,334.848535686457
1442989140,333.880797100575
1442989200,333.239797072728
1442989260,332.81521853293
1442989320,332.533990875168
1442989380,366.83593439839
1442989440,368.47726125033
1442989500,369.564514305782
1442989560,370.284736000316
1442989620,370.761827590611
1442989680,531.878770310599
1442989740,537.235512810402
1442989800,540.790770788154
1442989860,543.15038753076
1442989920,544.716459868359
1442989980,563.977358185637
1442990040,564.310860660603
1442990100,564.532655547593
1442990160,564.680159616041
1442990220,564.778256783673
1442990280,573.198312364326
1442990340,573.792278661637
1442990400,574.187462671212
1442990460,574.450390723073
1442990520,574.625324826632
1442990580,602.685813928427
1442990640,605.272724829366
1442990700,606.993943991728
1442990760,608.13916913412
1442990820,608.901152648738
1442990880,602.052166757867
1442990940,603.45190774541
1442991000,604.383140951277
1442991060,605.002680774307
1442991120,605.414854212606
1442991180,618.500864557997
1442991240,619.785055725528
1442991300,620.639676961846
1442991360,621.2084220802
1442991420,621.586918419753
1442991480,678.58742979709
1442991540,680.169016118806
1442991600,681.222082119532
1442991660,681.923243976244
1442991720,682.390097857168
1442991780,700.56012822213
1442991840,701.999707776152
1442991900,702.958752387783
1442991960,703.597665718087
1442992020,704.023308319786
1442992080,683.385927022341
1442992140,681.708788819488
1442992200,680.591802015469
1442992260,679.847880305122
1442992320,679.352422785719
1442992380,682.629274684561
1442992440,682.007398759759
1442992500,681.593274900633
1442992560,681.317498714647
1442992620,681.133851955156
1442992680,656.530025707835
1442992740,655.17947548587
1442992800,654.279811238822
1442992860,653.68050308704
1442992920,653.281276084332
1442992980,684.102836841575
1442993040,687.696334001199
1442993100,690.089102298192
1442993160,691.682352513447
1442993220,692.743235111902
1442993280,823.820269367177
1442993340,828.490175339663
1442993400,831.599841986357
1442993460,833.67055319779
1442993520,835.049429266616
1442993580,857.366384595674
1442993640,858.532987919275
1442993700,859.311007507351
1442993760,859.829876661231
1442993820,860.175915762268
1442993880,839.895577538973
1442993940,838.592306861548
1442994000,837.723535263866
1442994060,837.144404541437
1442994120,836.758350952027
1442994180,871.841724591498
1442994240,873.073279457247
1442994300,873.893957749596
1442994360,874.44083785885
1442994420,874.805265499602
1442994480,829.69382368711
1442994540,827.201072625561
1442994600,825.540882070399
1442994660,824.435182940644
1442994720,823.698779181607
1442994780,848.44962362466
1442994840,850.085862079401
1442994900,851.175165582671
1442994960,851.900354578688
1442995020,852.383139292374
1442995080,785.330098806384
1442995140,775.835125161342
1442995200,769.506087900604
1442995260,765.287359745553
1442995320,762.475294258653
1442995380,765.853255044713
1442995440,763.361868736285
1442995500,761.699439810713
1442995560,760.590149804893
1442995620,759.849953157636
1442995680,754.4426034827
1442995740,753.974813466601
1442995800,753.662619883595
1442995860,753.454268208879
1442995920,753.315218520736
1442995980,738.36393099978
1442996040,737.617420807065
1442996100,737.119039158421
1442996160,736.786311929606
1442996220,736.564178130946
1442996280,670.68396152222
1442996340,668.441914328298
1442996400,666.943949742693
1442996460,665.943124289148
1442996520,665.274449209583
1442996580,706.259493597595
1442996640,708.867831831396
1442996700,710.608821475642
1442996760,711.770881250749
1442996820,712.54652223482
1442996880,956.45075438571
1442996940,962.75174367544
1442997000,966.95242212565
1442997060,969.752887041662
1442997120,971.619872062956
1442997180,982.014432324891
1442997240,982.43704968706
1442997300,982.719211444759
1442997360,982.90759759411
1442997420,983.033374175447
1442997480,983.119491143153
1442997540,981.879549415741
1442997600,981.051476391893
1442997660,980.498462554496
1442997720,980.129142101413
1442997780,1011.06165353349
1442997840,1012.13735692226
1442997900,1012.85596368383
1442997960,1013.33601764961
1442998020,1013.65671016516
1442998080,967.509962546743
1442998140,964.999716587678
1442998200,963.322914592426
1442998260,962.202839118893
1442998320,961.454647579307
1442998380,952.287456791262
1442998440,951.663549706747
1442998500,951.246719879938
1442998560,950.968237540451
1442998620,950.782184603693
1442998680,1005.59442795397
1442998740,1008.16995200204
1442998800,1009.89006410138
1442998860,1011.03887326761
1442998920,1011.8061270419
1442998980,1004.61756740286
1442999040,1004.10439981636
1442999100,1003.76167503453
1442999160,1003.53278240925
1442999220,1003.37991387833
1442999280,963.614490893071
1442999340,961.183440898191
1442999400,959.55963262016
1442999460,958.475017606335
1442999520,957.750554168053
1442999580,967.864595600581
1442999640,967.861928331692
1442999700,967.860147122258
1442999760,967.858957625744
1442999820,967.85816327673
1442999880,807.637828832404
1442999940,799.494719975863
1443000000,794.041876765304
1443000060,790.390507294163
1443000120,787.945452760236
1443000180,810.083786737625
1443000240,810.61336944957
1443000300,810.96743887136
1443000360,811.204163282145
1443000420,811.362432941181
1443000480,1014.69618718092
1443000540,1019.60655101947
1443000600,1022.89188304913
1443000660,1025.08996997303
1443000720,1026.56062380084
1443000780,1015.91137308003
1443000840,1015.69331134423
1443000900,1015.54762266038
1443000960,1015.45028695624
1443001020,1015.38525624107
1443001080,944.549570241498
1443001140,941.216542349389
1443001200,938.991286699834
1443001260,937.505621753076
1443001320,936.513735569361
1443001380,899.390733928638
1443001440,896.391134049143
1443001500,894.385948280105
1443001560,893.045512845419
1443001620,892.149452648751
1443001680,850.142206986491
1443001740,847.327914356323
1443001800,845.444352176759
1443001860,844.18371337671
1443001920,843.339987482533
1443001980,828.970338176205
1443002040,829.10718291546
1443002100,829.198789018905
1443002160,829.260111640689
1443002220,829.30116200525
1443002280,768.206551543708
1443002340,758.691194749305
1443002400,751.145290538353
1443002460,744.084542741121
1443002520,742.386624815869
1443002580,741.870098184664
1443002640,739.690237861847
1443002700,738.402845711618
1443002760,737.519581218285
1443002820,737.211542366789
1443002880,684.83966522553
1443002940,682.276115866208
1443003000,679.674449585862
1443003060,677.63779188468
1443003120,677.077600417404
1443003180,585.112711294454
1443003240,584.159457354487
1443003300,582.70848911326
1443003360,581.808497213909
1443003420,581.452423881463
1443003480,564.848364715241
1443003540,562.474826950971
1443003600,560.276328045536
1443003660,558.65919066691
1443003720,558.190520777892
1443003780,571.427022840944
1443003840,573.252619524192
1443003900,575.031133342522
1443003960,576.231424985825
1443004020,576.571799772369
1443004080,830.305274581653
1443004140,833.783848005671
1443004200,836.819721235622
1443004260,838.317732983232
1443004320,839.066297168308
1443004380,854.951465324257
1443004440,856.528704075432
1443004500,857.942965316115
1443004560,859.138288165187
1443004620,859.473924321194
1443004680,838.62129989585
1443004740,837.769201590725
1443004800,837.461212410271
1443004860,837.277520631063
1443004920,837.192969850985
1443004980,812.959778766344
1443005040,810.572812117197
1443005100,809.263399574947
1443005160,808.561942896625
1443005220,808.284533352232
1443005280,775.075952350296
1443005340,774.073863673429
1443005400,774.013504557089
1443005460,774.370362584823
1443005520,774.352270209209
1443005580,782.053249202287
1443005640,782.265686944832
1443005700,782.578502154909
1443005760,782.86493322403
1443005820,782.939641158404
1443005880,773.723863286623
1443005940,773.179477187338
1443006000,772.847395368003
1443006060,772.545258858329
1443006120,772.455863875385
1443006180,738.931272309311
1443006240,736.553003702338
1443006300,735.010859692884
1443006360,733.932999990408
1443006420,733.579611376318
1443006480,689.885756396102
1443006540,687.103644610074
1443006600,685.037010685212
1443006660,684.211699955072
1443006720,683.833715687675
1443006780,557.122904495444
1443006840,546.755637217483
1443006900,539.078078408971
1443006960,533.336505039231
1443007020,531.533401460347
1443007080,564.859028609868
1443007140,564.402241270201
1443007200,563.730653892377
1443007260,563.342189954431
1443007320,563.213552276451
1443007380,590.985392111855
1443007440,593.93784476981
1443007500,596.135824720291
1443007560,597.881542519292
1443007620,598.402064943176
1443007680,751.98673923717
1443007740,755.40805572024
1443007800,758.552748320119
1443007860,759.835517002813
1443007920,760.492965702327
1443007980,772.478904410134
1443008040,773.379617614315
1443008100,773.039577834373
1443008160,772.343250523904
1443008220,772.276583027891
1443008280,779.606166354298
1443008340,778.711259367435
1443008400,778.052949956129
1443008460,777.166886827954
1443008520,776.965284085921
1443008580,769.443984670242
1443008640,768.640938553211
1443008700,768.0241663674
1443008760,767.318787383208
1443008820,767.145214934797
1443008880,757.334614193162
1443008940,758.817422482507
1443009000,759.44698372404
1443009060,760.175770124487
1443009120,760.369308495649
1443009180,746.446339946241
1443009240,747.073940628935
1443009300,748.024002654403
1443009360,749.190822170469
1443009420,749.436576419224
1443009480,743.269837395764
1443009540,742.625875282409
1443009600,742.024853323799
1443009660,741.928514030201
1443009720,741.849830546858
1443009780,738.430677822939
1443009840,737.151791084447
1443009900,736.176711732147
1443009960,735.036135373865
1443010020,734.763843648971
1443010080,691.104142284634
1443010140,688.878158975224
1443010200,687.265884459683
1443010260,686.511161168584
1443010320,686.172315844214
1443010380,599.634598668141
1443010440,599.856230411569
1443010500,600.00962704905
1443010560,600.28630295985
1443010620,600.237404359275
1443010680,591.176216199139
1443010740,591.085901712478
1443010800,590.925217510728
1443010860,590.740936360473
1443010920,590.688550333531
1443010980,613.546879290118
1443011040,615.824828360676
1443011100,617.537389002482
1443011160,618.6859593196
1443011220,619.081598843049
1443011280,725.735210644401
1443011340,726.328403379478
1443011400,727.217104745967
1443011460,727.889936386935
1443011520,728.187078834794
1443011580,744.428572626101
1443011640,745.333568177997
1443011700,745.896864711674
1443011760,746.095267913517
1443011820,746.218771493157
1443011880,714.065432911833
1443011940,712.356484324285
1443012000,711.018590413704
1443012060,709.639437866315
1443012120,709.255894798703
1443012180,684.925700662511
1443012240,683.948857080469
1443012300,683.817944220182
1443012360,684.046928925995
1443012420,684.01724954936
1443012480,636.439751530672
1443012540,633.536044903586
1443012600,632.056742592622
1443012660,631.029377305402
1443012720,630.621527165024
1443012780,626.764244707316
1443012840,626.123479138466
1443012900,625.667658436549
1443012960,625.349061354495
1443013020,625.232499039432
1443013080,633.115310837534
1443013140,633.09246610699
1443013200,633.076690578051
1443013260,633.245489281578
1443013320,633.268640789312
1443013380,637.428535518175
1443013440,637.578077859786
1443013500,637.519977914068
1443013560,637.626280313024
1443013620,637.648587431764
1443013680,600.608185204709
1443013740,599.347434698845
1443013800,598.723847597595
1443013860,598.253540552052
1443013920,598.061598000543
1443013980,586.770576159329
1443014040,586.183539612122
1443014100,585.626394261091
1443014160,585.242175852292
1443014220,585.11180016255
1443014280,548.072595858798
1443014340,547.434878080581
1443014400,547.205456963876
1443014460,547.178899847404
1443014520,547.106472220971
1443014580,548.051799455811
1443014640,548.633349036955
1443014700,549.351144314486
1443014760,549.75906675361
1443014820,549.892139153589
1443014880,627.411672450448
1443014940,628.788906890148
1443015000,629.42901625536
1443015060,629.676440240454
1443015120,629.868008472687
1443015180,610.589870364585
1443015240,608.597367379624
1443015300,606.780199225048
1443015360,605.348514913546
1443015420,604.913014017411
1443015480,619.483843116898
1443015540,620.273076365207
1443015600,620.485298750891
1443015660,619.989915815899
1443015720,619.959176935308
1443015780,587.579895737776
1443015840,586.054494682086
1443015900,584.966861673567
1443015960,584.173403079207
1443016020,583.886644760399
1443016080,582.166874978303
1443016140,581.807640389116
1443016200,581.705554641405
1443016260,581.391291883455
1443016320,581.316311048315
1443016380,567.071773704713
1443016440,567.111899830614
1443016500,567.21619867293
1443016560,567.544943282205
1443016620,567.58871863776
1443016680,560.017128694322
1443016740,558.748061599438
1443016800,557.506208760554
1443016860,556.889882841696
1443016920,556.655591165121
1443016980,551.546028138436
1443017040,551.924408221941
1443017100,552.066035079798
1443017160,552.810196502297
1443017220,552.942118716041
1443017280,507.187097415225
1443017340,504.754277234941
1443017400,503.129261675811
1443017460,501.834582335793
1443017520,501.395056823089
1443017580,459.689370053239
1443017640,457.483707241039
1443017700,455.546021849658
1443017760,455.074901601489
1443017820,454.73777984516
1443017880,413.929744228787
1443017940,412.202058580425
1443018000,411.158349126905
1443018060,410.67022283721
1443018120,410.411365029846
1443018180,366.604630551303
1443018240,365.761359248921
1443018300,365.099131169972
1443018360,365.304027920191
1443018420,365.224428168262
1443018480,396.033450896392
1443018540,396.954534476676
1443018600,397.904342162909
1443018660,398.354608199347
1443018720,398.550585056283
1443018780,377.748198889395
1443018840,376.410771818482
1443018900,375.662935061059
1443018960,375.139006007326
1443019020,374.938581712041
1443019080,370.258090794557
1443019140,369.016770408376
1443019200,367.592420520947
1443019260,366.760550163969
1443019320,366.471836342478
1443019380,348.092645135685
1443019440,347.350454381195
1443019500,346.779162942432
1443019560,346.514414440768
1443019620,346.390534877367
1443019680,317.27307629048
1443019740,315.956118178857
1443019800,315.068077514711
1443019860,314.694538598128
1443019920,314.501334722161
1443019980,307.490637139267
1443020040,307.672263576831
1443020100,307.840710118182
1443020160,308.07314899059
1443020220,308.120441021842
1443020280,282.621084893638
1443020340,281.856001108401
1443020400,281.323323775029
1443020460,281.054453622887
1443020520,280.925779704757
1443020580,233.75394561601
1443020640,232.790863898896
1443020700,231.962890700482
1443020760,231.455451918142
1443020820,231.24278943579
1443020880,217.278009111303
1443020940,216.389177789162
1443021000,215.837420799948
1443021060,215.423362460593
1443021120,215.267369544069
1443021180,225.709168785744
1443021240,226.313279448482
1443021300,226.914611669031
1443021360,227.010199812142
1443021420,227.097630272463
1443021480,226.216689011392
1443021540,226.246240205617
1443021600,226.529043947635
1443021660,226.620789214489
1443021720,226.657594089391
1443021780,260.509570764528
1443021840,262.261395394296
1443021900,263.451328334327
1443021960,264.26308208373
1443022020,264.57620614293
1443022080,328.037924387237
1443022140,331.674431476587
1443022200,334.011466164358
1443022260,334.936950485101
1443022320,335.451457700929
1443022380,332.769289890838
1443022440,333.214411144461
1443022500,333.419730941309
1443022560,333.744995692014
1443022620,333.83391777029
1443022680,333.850678016158
1443022740,333.854126509488
1443022800,333.469001118273
1443022860,333.198921336545
1443022920,333.135672251589
1443022980,325.963959534499
1443023040,324.88047019794
1443023100,324.057934495765
1443023160,323.327947561985
1443023220,323.105498319911
1443023280,323.3377855934
1443023340,322.85136566565
1443023400,322.806044778336
1443023460,322.758905030637
1443023520,322.721121882368
1443023580,332.83962714095
1443023640,333.608238309081
1443023700,333.940460980165
1443023760,334.565489703058
1443023820,334.725942849512
1443023880,340.567896292444
1443023940,340.624669266959
1443024000,340.29007215417
1443024060,340.493797069534
1443024120,340.511774787313
1443024180,328.441604845549
1443024240,327.433918941578
1443024300,326.69270717057
1443024360,326.275119127722
1443024420,326.107046618204
1443024480,308.870280895156
1443024540,307.833355053041
1443024600,307.088833106004
1443024660,306.574882313574
1443024720,306.379466396262
1443024780,299.511791168496
1443024840,299.048770765897
1443024900,298.65614935578
1443024960,298.466652720715
1443025020,298.385355345041
1443025080,297.468639195236
1443025140,296.427113589237
1443025200,295.818035383572
1443025260,295.266554039345
1443025320,295.093690934454
1443025380,314.637765250488
1443025440,316.480135293343
1443025500,317.303877909933
1443025560,318.157082575099
1443025620,318.431271749283
1443025680,340.637203799841
1443025740,341.06657592127
1443025800,340.864932647835
1443025860,340.250163132186
1443025920,340.180520132334
1443025980,335.964732775874
1443026040,335.923567437799
1443026100,336.158110973225
1443026160,336.345622608341
1443026220,336.38140056613
1443026280,323.735189915394
1443026340,323.503181989194
1443026400,323.088293919606
1443026460,322.806432542166
1443026520,322.709103815429
1443026580,331.713065268074
1443026640,332.993503259261
1443026700,333.706916601668
1443026760,334.064133763809
1443026820,334.230078135496
1443026880,369.748542877318
1443026940,369.674709061375
1443027000,369.479462027162
1443027060,369.831883326592
1443027120,369.878335341263
1443027180,352.168032579203
1443027240,352.526358276875
1443027300,352.703792926446
1443027360,353.380936961477
1443027420,353.498430968429
1443027480,372.320442278335
1443027540,371.616366072038
1443027600,370.96081216239
1443027660,370.549375322258
1443027720,370.41807442985
1443027780,363.422984054843
1443027840,363.249411100279
1443027900,363.319206614872
1443027960,363.025315706828
1443028020,362.973969203178
1443028080,362.485442725112
1443028140,362.697600925533
1443028200,362.791595339285
1443028260,363.102953097769
1443028320,363.160607076985
1443028380,365.03559179606
1443028440,365.297075686133
1443028500,365.359838345029
1443028560,365.685805136017
1443028620,365.755566035484
1443028680,362.992101581234
1443028740,362.273085312529
1443028800,361.699473322828
1443028860,360.865584039325
1443028920,360.67096901519
1443028980,381.794403562226
1443029040,383.509496188431
1443029100,384.789716821365
1443029160,385.42087999819
1443029220,385.690898730673
1443029280,397.294286424215
1443029340,398.527779430512
1443029400,399.90132476524
1443029460,400.415116733548
1443029520,400.657753143037
1443029580,430.261605098212
1443029640,430.8075438066
1443029700,431.217381470263
1443029760,431.648292761254
1443029820,431.785967971896
1443029880,419.486132215699
1443029940,419.626614071423
1443030000,419.378365485644
1443030060,418.906156743529
1443030120,418.809689757067
1443030180,423.741599835475
1443030240,423.746496319065
1443030300,423.912365735517
1443030360,423.785359634188
1443030420,423.778794192387
1443030480,416.148648529708
1443030540,415.560668511454
1443030600,415.141693364407
1443030660,414.519299560792
1443030720,414.364624898828
1443030780,383.453694725447
1443030840,384.964617195147
1443030900,386.056576596584
1443030960,386.674492472565
1443031020,386.863710975769
1443031080,362.96675442087
1443031140,360.832839582223
1443031200,359.055348676144
1443031260,357.823236728694
1443031320,357.411561734446
1443031380,385.046789688754
1443031440,385.305729160274
1443031500,385.660166646251
1443031560,385.895432819862
1443031620,385.980694717281
1443031680,385.255509010961
1443031740,384.804413016462
1443031800,384.57566219594
1443031860,384.253189655159
1443031920,384.173137383364
1443031980,383.823246626001
1443032040,384.534668133218
1443032100,385.40709876689
1443032160,386.037688207995
1443032220,386.223874390663
1443032280,389.456951957866
1443032340,389.894946822364
1443032400,390.594573828258
1443032460,391.001214952001
1443032520,391.140095031701
1443032580,434.478195812756
1443032640,438.360971643738
1443032700,441.378834314598
1443032760,443.23522134228
1443032820,443.921549916707
1443032880,508.880809002271
1443032940,510.977336287312
1443033000,512.595535490404
1443033060,514.234878572879
1443033120,514.754495330869
1443033180,505.231053245054
1443033240,506.380446122109
1443033300,506.998181041728
1443033360,507.252000445729
1443033420,507.370708801278
1443033480,483.146888920922
1443033540,481.762445949039
1443033600,480.611109121791
1443033660,479.711631024445
1443033720,479.422974263749
1443033780,454.145556704785
1443033840,451.520502825746
1443033900,449.987754941476
1443033960,448.821398905873
1443034020,448.410146802381
1443034080,450.993957543918
1443034140,451.677434900167
1443034200,452.12806970094
1443034260,452.365667239749
1443034320,452.457574647421
1443034380,468.18882276644
1443034440,469.719979864618
1443034500,470.697921440073
1443034560,471.424575824675
1443034620,471.673987302449
1443034680,465.976089210438
1443034740,465.432466123468
1443034800,465.046414281023
1443034860,464.313085902022
1443034920,464.14935917124
1443034980,445.899109549354
1443035040,445.318413769833
1443035100,444.997528063187
1443035160,444.814045202543
1443035220,444.722092043161
1443035280,444.656197883234
1443035340,445.702841948759
1443035400,446.874322235992
1443035460,447.410362703039
1443035520,447.615123385585
1443035580,403.875977912108
1443035640,400.96955206051
1443035700,399.30253289138
1443035760,397.850314838091
1443035820,397.364748629536
1443035880,386.693303324258
1443035940,385.482349033147
1443036000,384.664935693703
1443036060,383.932217550977
1443036120,383.697133066873
1443036180,400.812570119391
1443036240,402.411141056208
1443036300,403.37853736633
1443036360,404.191352197144
1443036420,404.443506694314
1443036480,405.111846765809
1443036540,404.861532861097
1443036600,404.855909548413
1443036660,405.218842435771
1443036720,405.262200041782
1443036780,414.165066973039
1443036840,413.876095300696
1443036900,413.600430595536
1443036960,413.762095838352
1443037020,413.761531234797
1443037080,423.917654709901
1443037140,424.724053544636
1443037200,425.233164098402
1443037260,425.537750049509
1443037320,425.657081416439
1443037380,378.975889153197
1443037440,378.971576996861
1443037500,378.913146024918
1443037560,379.193226179352
1443037620,379.214819316917
1443037680,374.965673234608
1443037740,373.821637871689
1443037800,372.557357827928
1443037860,371.230713568132
1443037920,370.891589404942
1443037980,345.978739212314
1443038040,344.837840451128
1443038100,344.841985594488
1443038160,344.92288978685
1443038220,344.863327561245
1443038280,369.125625147463
1443038340,370.063645277195
1443038400,370.817484870807
1443038460,371.39835412561
1443038520,371.595906438034
1443038580,353.80225091862
1443038640,352.941867684981
1443038700,352.385487587519
1443038760,351.99891132518
1443038820,351.860897606553
1443038880,342.782067133787
1443038940,341.111437558069
1443039000,339.997263286247
1443039060,339.344442796508
1443039120,339.092785936713
1443039180,337.318283197738
1443039240,336.674556937602
1443039300,336.525579983437
1443039360,336.387771878998
1443039420,336.324487371061
1443039480,309.145482163131
1443039540,306.854750955767
1443039600,305.138281367973
1443039660,304.608270253922
1443039720,304.292119514351
1443039780,309.941745833961
1443039840,310.691877518417
1443039900,309.994500855982
1443039960,309.676317752636
1443040020,309.60966071778
1443040080,306.681936549748
1443040140,306.857109663081
1443040200,306.556363158978
1443040260,306.391341139162
1443040320,306.347818978422
1443040380,261.474135404464
1443040440,258.867525188928
1443040500,257.034677167484
1443040560,255.640336165568
1443040620,255.160924066029
1443040680,252.86594722491
1443040740,252.141308467594
1443040800,251.44574255016
1443040860,251.222681147978
1443040920,251.097071276177
1443040980,252.965442572538
1443041040,253.388401830416
1443041100,253.651321980951
1443041160,253.881106862444
1443041220,253.955119864576
1443041280,247.001829384742
1443041340,246.50020115209
1443041400,245.849226981779
1443041460,245.554599594247
1443041520,245.438515671923
1443041580,238.423229203851
1443041640,238.33288372943
1443041700,238.35776201486
1443041760,238.167081066009
1443041820,238.128003489124
1443041880,225.648164963106
1443041940,223.501047742912
1443042000,221.7091524244
1443042060,220.747384250343
1443042120,220.37544140711
1443042180,214.891286484618
1443042240,214.382036537057
1443042300,214.113140072909
1443042360,214.11595691466
1443042420,214.070362366776
1443042480,204.797986355409
1443042540,205.01560100924
1443042600,205.538864627698
1443042660,205.867389430955
1443042720,205.958643808179
1443042780,191.855349999694
1443042840,190.921346702029
1443042900,190.296912319336
1443042960,190.088217741915
1443043020,189.965248003856
1443043080,175.218344762048
1443043140,173.841673955061
1443043200,172.772333531574
1443043260,171.942519383847
1443043320,171.667905760515
1443043380,162.120762864745
1443043440,162.615474451676
1443043500,162.793537054581
1443043560,163.038720960004
1443043620,163.090781287414
1443043680,160.172646808965
1443043740,159.837833754117
1443043800,159.609680621661
1443043860,159.29888778791
1443043920,159.220092904282
1443043980,155.948858979664
1443044040,155.83324921081
1443044100,155.757865983605
1443044160,155.670666638916
1443044220,155.646794775656
1443044280,151.142112950921
1443044340,150.318311301065
1443044400,149.88833308683
1443044460,149.658325454718
1443044520,149.557125337618
1443044580,135.274570928779
1443044640,134.23068659192
1443044700,133.374282358288
1443044760,132.964512773818
1443044820,132.784583303264
1443044880,129.331929066239
1443044940,128.947660151743
1443045000,128.392152709217
1443045060,128.103984725661
1443045120,128.001502407601
1443045180,129.855497344062
1443045240,129.739713697082
1443045300,129.741347804685
1443045360,129.725164340688
1443045420,129.716731788902
1443045480,123.711762841017
1443045540,123.640193229103
1443045600,123.701684260325
1443045660,123.609884405
1443045720,123.592852030876
1443045780,107.409989391534
1443045840,106.999119272318
1443045900,106.910549372318
1443045960,106.828143309979
1443046020,106.780880203403
1443046080,103.050636730478
1443046140,103.012516221613
1443046200,102.970208628778
1443046260,102.984266822042
1443046320,102.979815382452
1443046380,97.7837679972874
1443046440,97.2365923933153
1443046500,96.7586504653598
1443046560,96.3474943323455
1443046620,96.223644414007
1443046680,85.7937908331852
1443046740,84.2336693321087
1443046800,83.6546226006902
1443046860,82.9867552225956
1443046920,82.7713663296659
1443046980,79.3225652532894
1443047040,78.8523697021084
1443047100,78.588168905921
1443047160,78.375893779575
1443047220,78.3000026175954
1443047280,75.6975401410914
1443047340,76.1197458655313
1443047400,76.5517649940084
1443047460,76.7775556599108
1443047520,76.8578465826022
1443047580,78.8038738147147
1443047640,79.1622353854043
1443047700,79.4739258772097
1443047760,79.6889156278748
1443047820,79.7636953992827
1443047880,84.1060975898697
1443047940,83.2385777929481
1443048000,82.2345676536983
1443048060,81.4932941749386
1443048120,81.2766259272907
1443048180,80.9665725955427
1443048240,80.8103310653729
1443048300,80.6355180885001
1443048360,80.6373321656693
1443048420,80.6159807565383
1443048480,82.0698795070408
1443048540,82.1439804657194
1443048600,82.2077325138681
1443048660,82.2072248508172
1443048720,82.2154925400424
1443048780,80.9276461954807
1443048840,80.8442538265786
1443048900,80.7035537738831
1443048960,80.7065658063039
1443049020,80.6927251375828
1443049080,79.3821671323172
1443049140,78.7412450133979
1443049200,78.2550868303715
1443049260,78.1295776356087
1443049320,78.0486915004153
1443049380,75.3255334068264
1443049440,75.3284023768681
1443049500,75.3054718941607
1443049560,75.5152306149315
1443049620,75.542295358599
1443049680,77.5711065231289
1443049740,78.1012090692283
1443049800,78.4202481557332
1443049860,78.5429672727841
1443049920,78.6080070241889
1443049980,73.3409501479029
1443050040,73.1789166869846
1443050100,72.8695441357435
1443050160,72.6791635449417
1443050220,72.6167470106142
1443050280,71.4293456483247
1443050340,70.6292607277331
1443050400,70.086997352914
1443050460,69.5468193692272
1443050520,69.3897775430929
1443050580,78.2610749186116
1443050640,78.9215042450384
1443050700,79.4447951635464
1443050760,79.9457391830952
1443050820,80.0879642262781
1443050880,87.2864324055307
1443050940,87.8227339856184
1443051000,88.2611514755356
1443051060,88.6675005950259
1443051120,88.791989916369
1443051180,82.9495721462279
1443051240,82.9204430783071
1443051300,82.9044791723984
1443051360,83.012034170491
1443051420,83.0218774548027
1443051480,84.9976351943452
1443051540,84.5335674027557
1443051600,83.9149517256165
1443051660,83.7805891590198
1443051720,83.6916087772438
1443051780,81.5834166415689
1443051840,81.4990507068516
1443051900,81.4565706051292
1443051960,81.3531507471472
1443052020,81.3257776351838
1443052080,84.8158311791569
1443052140,84.7738837624836
1443052200,84.886784004358
1443052260,84.6753941912559
1443052320,84.6538541392436
1443052380,86.8243559638074
1443052440,87.1886469119778
1443052500,87.6449772930534
1443052560,87.9485063960848
1443052620,88.0438206675551
1443052680,81.8890225891557
1443052740,80.907076776189
1443052800,80.2644129796951
1443052860,79.5261975551277
1443052920,79.3230722257601
1443052980,88.9491421640927
1443053040,89.7388907941768
1443053100,90.3391538746186
1443053160,90.5501773041508
1443053220,90.6605087126162
1443053280,85.0739373996941
1443053340,85.1706757086138
1443053400,85.1977673468987
1443053460,85.2206706767275
1443053520,85.2285496125111
1443053580,83.5056919675578
1443053640,83.248721409515
1443053700,83.0085561138009
1443053760,82.8055748026417
1443053820,82.7465515940648
1443053880,83.4353727437509
1443053940,83.4498807637867
1443054000,83.0383377155087
1443054060,82.8489529387922
1443054120,82.7876639794611
1443054180,87.2536026907216
1443054240,87.480992949426
1443054300,87.6881842606278
1443054360,87.6876684470743
1443054420,87.7146704938793
1443054480,107.960582953772
1443054540,108.780966378408
1443054600,109.345702407959
1443054660,109.933898126485
1443054720,110.11440895395
1443054780,116.168547951508
1443054840,116.989665547766
1443054900,117.47257928396
1443054960,117.704598614859
1443055020,117.817874197844
1443055080,119.013570308705
1443055140,118.950830465232
1443055200,118.754962210913
1443055260,118.849032592153
1443055320,118.84772553138
1443055380,115.895804988265
1443055440,116.36789520223
1443055500,116.6843978839
1443055560,117.018424674424
1443055620,117.109636403604
1443055680,109.766032826149
1443055740,109.196569713415
1443055800,108.64015848862
1443055860,108.236742931782
1443055920,108.107724105388
1443055980,122.060707087963
1443056040,123.319093114387
1443056100,124.3797526057
1443056160,124.99522272069
1443056220,125.22380250506
1443056280,149.383811777094
1443056340,149.722316597299
1443056400,149.605055396438
1443056460,149.564295661949
1443056520,149.58409660037
1443056580,140.866527676363
1443056640,140.912534222707
1443056700,140.89087556201
1443056760,140.916724047769
1443056820,140.913749262603
1443056880,133.106106962029
1443056940,132.611756006553
1443057000,132.283977762865
1443057060,131.983062159917
1443057120,131.888983204295
1443057180,131.97774278553
1443057240,131.864717599698
1443057300,131.779587335318
1443057360,131.871055746294
1443057420,131.871068098364
1443057480,130.093265446064
1443057540,128.911516660223
1443057600,128.014204085725
1443057660,127.364926439541
1443057720,127.153186318503
1443057780,149.903972571093
1443057840,151.722497754248
1443057900,153.17033668378
1443057960,153.89516086606
1443058020,154.197575393851
1443058080,187.188329943282
1443058140,188.540699700148
1443058200,189.283584369127
1443058260,189.576323271386
1443058320,189.763228068324
1443058380,198.719878592935
1443058440,199.234822747402
1443058500,199.638815661216
1443058560,199.831647455581
1443058620,199.919329698301
1443058680,197.546520192966
1443058740,198.385237214591
1443058800,199.219840341126
1443058860,199.852364392212
1443058920,200.040711055123
1443058980,183.587163095048
1443059040,182.888606048021
1443059100,182.271862797019
1443059160,182.388901365457
1443059220,182.325722862759
1443059280,182.733342819068
1443059340,182.532046935524
1443059400,182.438447124042
1443059460,182.421463238681
1443059520,182.401510493771
1443059580,174.08652853745
1443059640,173.498556673488
1443059700,173.299665504048
1443059760,173.082352810555
1443059820,173.003824151338
1443059880,186.985216116753
1443059940,186.697763420999
1443060000,185.843651329473
1443060060,185.506876779285
1443060120,185.386947936764
1443060180,195.772710254923
1443060240,196.333274185389
1443060300,197.013127723014
1443060360,197.102428322959
1443060420,197.19458726443
1443060480,196.104638710259
1443060540,196.206472984919
1443060600,196.13709452144
1443060660,196.152076662945
1443060720,196.154932400475
1443060780,190.944852000019
1443060840,190.539630471988
1443060900,190.062627003372
1443060960,189.665532228209
1443061020,189.551611429691
1443061080,188.919367106251
1443061140,187.949570608931
1443061200,187.6152320961
1443061260,187.260709162837
1443061320,187.14340796831
1443061380,205.658588696997
1443061440,206.394970194476
1443061500,207.221002176628
1443061560,207.507481532016
1443061620,207.657495825647
1443061680,221.342398956516
1443061740,222.653018603011
1443061800,223.84435182603
1443061860,224.464864894957
1443061920,224.713901091804
1443061980,218.252832265317
1443062040,218.577864097067
1443062100,218.616327062099
1443062160,218.565162562234
1443062220,218.576488065275
1443062280,221.874182318472
1443062340,222.299511129355
1443062400,222.467935964336
1443062460,222.691825199617
1443062520,222.760308957036
1443062580,216.333684735777
1443062640,216.960669284198
1443062700,217.278829384159
1443062760,217.739565570451
1443062820,217.857356129376
1443062880,201.703133793534
1443062940,200.972861487465
1443063000,200.517224711455
1443063060,200.219116644761
1443063120,200.100008370627
1443063180,194.05052226144
1443063240,193.548468285109
1443063300,193.178730134634
1443063360,192.780152082287
1443063420,192.668469709565
1443063480,217.481747043396
1443063540,218.97331120078
1443063600,219.745576110035
1443063660,220.367522659722
1443063720,220.59650068586
1443063780,206.422354598055
1443063840,206.016532423557
1443063900,206.026531249817
1443063960,205.930476675436
1443064020,205.893500421042
1443064080,208.124977808985
1443064140,208.730538095278
1443064200,209.299176624405
1443064260,209.715247280309
1443064320,209.844532968376
1443064380,196.449748626166
1443064440,195.887584932939
1443064500,195.729768096502
1443064560,195.725600671839
1443064620,195.682282447029
1443064680,183.443678193617
1443064740,182.812395029607
1443064800,182.445089496792
1443064860,182.444422610896
1443064920,182.382105163911
1443064980,173.780400680684
1443065040,173.236030263278
1443065100,173.198039760131
1443065160,172.872502625703
1443065220,172.787562124653
1443065280,174.884279899029
1443065340,175.585802506282
1443065400,175.913232929371
1443065460,176.151066439375
1443065520,176.239812490698
1443065580,162.350954722174
1443065640,161.409182898105
1443065700,160.676000691232
1443065760,160.264945608337
1443065820,160.100462942101
1443065880,188.565643520477
1443065940,187.946721738936
1443066000,186.783406888179
1443066060,185.918649253033
1443066120,185.700749956342
1443066180,150.734614721231
1443066240,149.348546543491
1443066300,149.394904353457
1443066360,149.478895962025
1443066420,149.406428028531
1443066480,149.801192814055
1443066540,149.547791862304
1443066600,149.463298955621
1443066660,149.446256952239
1443066720,149.426000982612
1443066780,142.177947350364
1443066840,142.339743433015
1443066900,142.282165533495
1443066960,142.416804000075
1443067020,142.432682051499
1443067080,139.937950094593
1443067140,139.16545552985
1443067200,138.531589800352
1443067260,138.114624985867
1443067320,137.9778283131
1443067380,142.851921129408
1443067440,142.7407356635
1443067500,142.608831611923
1443067560,142.496275185722
1443067620,142.467911850076
1443067680,141.129342675038
1443067740,141.019738147915
1443067800,141.017749800717
1443067860,141.115110408588
1443067920,141.123842525479
1443067980,135.746629444458
1443068040,135.574297908538
1443068100,135.45015323815
1443068160,135.454544151105
1443068220,135.434231623353
1443068280,146.016134666376
1443068340,146.250428551274
1443068400,146.470257935067
1443068460,146.852001723785
1443068520,146.941795328074
1443068580,165.674229448633
1443068640,167.365784994532
1443068700,168.609184645057
1443068760,169.145410172846
1443068820,169.403838455226
1443068880,164.836760835427
1443068940,164.797427363865
1443069000,164.829319475695
1443069060,164.737228437609
1443069120,164.726527342826
1443069180,169.810525186123
1443069240,169.642393622688
1443069300,169.528098580016
1443069360,169.726087849857
1443069420,169.751070085323
1443069480,169.272675842103
1443069540,168.397847560206
1443069600,167.704739279143
1443069660,167.067077255869
1443069720,166.887659964538
1443069780,153.819464085551
1443069840,153.329310710575
1443069900,152.714634896179
1443069960,152.342563049945
1443070020,152.210794818894
1443070080,146.051385513347
1443070140,145.866456863736
1443070200,146.030835471085
1443070260,146.223394403189
1443070320,146.247133935483
1443070380,166.846307460394
1443070440,169.184216478321
1443070500,170.94300774799
1443070560,172.090292825697
1443070620,172.496935122478
1443070680,207.760593587569
1443070740,209.018406342032
1443070800,209.852834654856
1443070860,210.110863214127
1443070920,210.294031087472
1443070980,207.362221560997
1443071040,207.759436310667
1443071100,207.691264559425
1443071160,207.736066699823
1443071220,207.756631251484
1443071280,208.453098892047
1443071340,208.625734975107
1443071400,208.900062431112
1443071460,208.590987451592
1443071520,208.571020794516
1443071580,216.061183381599
1443071640,216.774230023976
1443071700,217.119060815714
1443071760,217.437819137291
1443071820,217.543255675788
1443071880,223.664052196621
1443071940,224.103150001419
1443072000,224.217886062017
1443072060,224.427728191397
1443072120,224.490588364601
1443072180,254.988120466891
1443072240,258.110492334408
1443072300,260.436133534246
1443072360,261.796740348599
1443072420,262.317547074114
1443072480,296.604563228428
1443072540,299.600189489128
1443072600,301.743029836345
1443072660,302.480708574119
1443072720,302.901701373009
1443072780,310.203974477842
1443072840,309.578668094891
1443072900,308.95322047615
1443072960,308.704412688147
1443073020,308.608818362837
1443073080,328.137854028205
1443073140,328.29045778447
1443073200,328.201699501356
1443073260,328.0657997003
1443073320,328.058832644869
1443073380,321.742764357621
1443073440,320.849800732595
1443073500,320.678302336318
1443073560,320.330193350942
1443073620,320.223682518528
1443073680,316.483764495581
1443073740,316.056051919924
1443073800,315.857698777726
1443073860,315.65013470706
1443073920,315.584948090115
1443073980,333.970828997701
1443074040,335.039423503714
1443074100,336.292081295725
1443074160,336.869596845059
1443074220,337.102170397219
1443074280,352.911823410864
1443074340,352.250685834425
1443074400,351.947849586578
1443074460,351.366106544911
1443074520,351.246885197301
1443074580,376.618271825799
1443074640,377.128584884777
1443074700,377.105664656793
1443074760,376.986873023775
1443074820,377.00784850504
1443074880,357.087592720169
1443074940,356.018185648132
1443075000,355.186648989397
1443075060,354.374431756056
1443075120,354.126291050179
1443075180,358.168457014937
1443075240,358.819433967672
1443075300,358.691553217179
1443075360,358.636662403263
1443075420,358.64279203364
1443075480,373.07017466562
1443075540,374.164341734734
1443075600,375.363664150658
1443075660,375.960135762301
1443075720,376.19310650216
1443075780,400.248627553974
1443075840,403.841916005642
1443075900,406.844487457817
1443075960,408.925403405615
1443076020,409.626455849363
1443076080,569.864564185772
1443076140,576.473459603689
1443076200,580.529717229902
1443076260,582.589726677349
1443076320,583.623403298199
1443076380,646.34595843308
1443076440,650.895680026007
1443076500,654.009137237232
1443076560,655.733681749728
1443076620,656.515566944311
1443076680,641.947323156159
1443076740,642.368223006427
1443076800,642.656139403556
1443076860,642.927223553909
1443076920,643.017545250932
1443076980,668.134744213341
1443077040,668.458013663014
1443077100,668.899940039579
1443077160,668.964009463484
1443077220,669.050436993449
1443077280,659.171449094833
1443077340,657.898951471094
1443077400,657.02168144099
1443077460,656.066784801376
1443077520,655.787865325472
1443077580,671.952077462634
1443077640,674.006281474077
1443077700,675.741081391062
1443077760,677.197544492214
1443077820,677.647335399336
1443077880,722.351726240573
1443077940,722.717816022857
1443078000,722.502996504364
1443078060,721.946232626713
1443078120,721.91419967252
1443078180,714.664227763459
1443078240,713.933459932695
1443078300,713.173520457354
1443078360,712.854101146581
1443078420,712.707427154866
1443078480,709.581767730462
1443078540,709.155796541956
1443078600,709.240564505088
1443078660,709.711366933777
1443078720,709.76626928456
1443078780,698.157107812044
1443078840,695.984579715696
1443078900,694.39446330109
1443078960,693.607245688805
1443079020,693.26556393137
1443079080,687.991067053208
1443079140,687.151450710727
1443079200,687.500705144805
1443079260,687.641128221098
1443079320,687.646041784328
1443079380,785.607113322891
1443079440,793.952462166977
1443079500,799.273477502505
1443079560,802.522011591688
1443079620,803.857377319176
1443079680,938.076196259562
1443079740,942.192574323617
1443079800,944.52574775697
1443079860,945.288104504942
1443079920,945.917524206841
1443079980,929.324767772697
1443080040,927.547985226083
1443080100,925.549404811772
1443080160,924.244535889884
1443080220,923.794289617602
1443080280,909.019449621232
1443080340,908.306937272573
1443080400,907.94053494112
1443080460,907.642097640516
1443080520,907.520542988516
1443080580,932.738613337052
1443080640,933.377126293354
1443080700,933.89057530891
1443080760,933.951905842049
1443080820,934.043119857074
1443080880,891.398243042698
1443080940,889.617904608878
1443081000,888.521942626638
1443081060,888.117267970411
1443081120,887.861305579041
1443081180,888.612974483931
1443081240,889.350052231956
1443081300,889.990656477483
1443081360,890.64509091392
1443081420,890.823030671857
1443081480,928.450326466675
1443081540,928.413272754372
1443081600,927.456838366187
1443081660,926.675977308678
1443081720,926.519097021933
1443081780,834.679488745384
1443081840,830.251991929283
1443081900,829.192259476213
1443081960,830.07692879559
1443082020,827.869193751635
1443082080,814.991647290804
1443082140,815.52252374455
1443082200,814.250834127773
1443082260,812.00066758189
1443082320,812.944737141316
1443082380,779.716624700971
1443082440,777.119093678121
1443082500,776.13933468141
1443082560,775.54884525993
1443082620,775.247329337286
1443082680,772.401918889715
1443082740,771.777545491583
1443082800,771.296766163259
1443082860,770.984057742511
1443082920,770.874062984101
1443082980,682.978979881297
1443083040,677.938557007415
1443083100,673.3528906768
1443083160,674.235612792608
1443083220,673.756585986972
1443083280,1015.94631165943
1443083340,1021.79325062108
1443083400,1025.65846500859
1443083460,1028.21362803653
1443083520,1029.90276024105
1443083580,1057.34915879577
1443083640,1058.97896138145
1443083700,1060.06039120818
1443083760,1060.7779569308
1443083820,1061.25408636016
1443083880,1069.65075250461
1443083940,1070.88512809441
1443084000,1071.7040274975
1443084060,1072.24729507175
1443084120,1072.60770522239
1443084180,1044.94619998058
1443084240,1044.05157759042
1443084300,1043.4584267359
1443084360,1043.06515697193
1443084420,1042.80441199269
1443084480,975.097915253754
1443084540,969.549123128587
1443084600,965.865704903012
1443084660,963.420565579273
1443084720,961.797424804494
1443084780,970.377925338048
1443084840,969.852014338538
1443084900,969.502941750407
1443084960,969.271245376118
1443085020,969.117457276784
1443085080,1000.70337755521
1443085140,1001.24708239541
1443085200,1001.60779488007
1443085260,1001.84710394441
1443085320,1002.00586980563
1443085380,905.638256593278
1443085440,901.536596980368
1443085500,898.820112580003
1443085560,897.021014606537
1443085620,895.829491652203
1443085680,862.604163664534
1443085740,861.853446511126
1443085800,861.355333794215
1443085860,861.024828120244
1443085920,860.805532372879
1443085980,828.162432621627
1443086040,825.037770084122
1443086100,822.963145310266
1443086160,821.585694817408
1443086220,820.671134322334
1443086280,784.813599699523
1443086340,782.128492059642
1443086400,780.344012230366
1443086460,779.158075319011
1443086520,778.369920510737
1443086580,817.408656517396
1443086640,819.595946161441
1443086700,821.048058980886
1443086760,822.012097578213
1443086820,822.652110120415
1443086880,969.31556123393
1443086940,972.242623868295
1443087000,974.189102803188
1443087060,975.483499513219
1443087120,976.344265490649
1443087180,988.855943084924
1443087240,989.105787106429
1443087300,989.272076449182
1443087360,989.382754084559
1443087420,989.456418089538
1443087480,987.213968089618
1443087540,987.097893823399
1443087600,987.020630366768
1443087660,986.969200864563
1443087720,986.934967427276
1443087780,958.38985427843
1443087840,955.334942920429
1443087900,953.301349503472
1443087960,951.947627021587
1443088020,951.046481029138
1443088080,939.962745052626
1443088140,938.61471132139
1443088200,937.717326474246
1443088260,937.119938185493
1443088320,936.722257336887
1443088380,812.895141025756
1443088440,799.576011436438
1443088500,790.695612702943
1443088560,784.774694137131
1443088620,780.826979882956
1443088680,907.963140403047
1443088740,911.564382409798
1443088800,913.956525307511
1443088860,915.54551811398
1443088920,916.601014481451
1443088980,893.454794700321
1443089040,890.241724466032
1443089100,888.112006987164
1443089160,886.700367586507
1443089220,885.764691461736
1443089280,783.048329826553
1443089340,782.2638039122
1443089400,781.746070431966
1443089460,781.404401722684
1443089520,781.178923728002
1443089580,732.789851132591
1443089640,729.329211825189
1443089700,727.041256265466
1443089760,725.528604937698
1443089820,724.528535670761
1443089880,668.891806626067
1443089940,665.110738678668
1443090000,662.60526498273
1443090060,660.945046618934
1443090120,659.844925304566
1443090180,710.075193159562
1443090240,714.586896876329
1443090300,717.572921974843
1443090360,719.549192237409
1443090420,720.857166558403
1443090480,912.615549556476
1443090540,918.559303754631
1443090600,922.486247519778
1443090660,925.080716742514
1443090720,926.794841250095
1443090780,956.097411602295
1443090840,958.708839871902
1443090900,960.436998087912
1443090960,961.580636936554
1443091020,962.337459896399
1443091080,942.840586800137
1443091140,942.057957577077
1443091200,941.540269529539
1443091260,941.197832898416
1443091320,940.9713203357
1443091380,910.718049380726
1443091440,909.40983295241
1443091500,908.54444266122
1443091560,907.971983594146
1443091620,907.593299679141
1443091680,899.25030906394
1443091740,898.634593863511
1443091800,898.227221518855
1443091860,897.957693940074
1443091920,897.77936785418
1443091980,869.025375706435
1443092040,867.812195950083
1443092100,867.009316018909
1443092160,866.477971689672
1443092220,866.126329077558
1443092280,900.642214125004
1443092340,901.043117305516
1443092400,901.308245276628
1443092460,901.483581478689
1443092520,901.599535987844
1443092580,817.588194592842
1443092640,811.936619206469
1443092700,808.200139053616
1443092760,805.729804150833
1443092820,804.096567981426
1443092880,773.380611438729
1443092940,771.092145598967
1443093000,769.577541554896
1443093060,768.575112167289
1443093120,767.911661755233
1443093180,743.646875754735
1443093240,742.651912654894
1443093300,741.992986667424
1443093360,741.55660520058
1443093420,741.267606453792
1443093480,730.554309139759
1443093540,729.649280294866
1443093600,729.049883635208
1443093660,728.652905839818
1443093720,728.389989176048
1443093780,694.131427669545
1443093840,695.37286332364
1443093900,696.196075512418
1443093960,696.741958261571
1443094020,697.103940238861
1443094080,875.70307430457
1443094140,881.841551709181
1443094200,885.884040238293
1443094260,888.546217262147
1443094320,890.299391440699
1443094380,886.823996565064
1443094440,888.213553953048
1443094500,889.128133374073
1443094560,889.730091612427
1443094620,890.126288719417
1443094680,917.744147871597
1443094740,920.464934625927
1443094800,922.256267028992
1443094860,923.435658163987
1443094920,924.212154724271
1443094980,896.577773413372
1443095040,895.227980527267
1443095100,894.339784573723
1443095160,893.755330425227
1443095220,893.370745638131
1443095280,851.021224405744
1443095340,848.518249095809
1443095400,846.870875274006
1443095460,845.78662945744
1443095520,845.073015476703
1443095580,843.85504677028
1443095640,844.245277647921
1443095700,844.502131705675
1443095760,844.67119574126
1443095820,844.782475463211
1443095880,816.745550633905
1443095940,814.013714156647
1443096000,812.214715241789
1443096060,811.030018748202
1443096120,810.249859421632
1443096180,810.29892189555
1443096240,809.27469969088
1443096300,808.600175890129
1443096360,808.155953576156
1443096420,807.863401313344
1443096480,661.426649314812
1443096540,647.214647785247
1443096600,637.834234277364
1443096660,631.64283629617
1443096720,627.556299073764
1443096780,637.777692525905
1443096840,635.735019266126
1443096900,634.386564778408
1443096960,633.49639328537
1443097020,632.908753662205
1443097080,560.776085425568
1443097140,561.327476524637
1443097200,561.69217841041
1443097260,561.933400050931
1443097320,562.092949211837
1443097380,558.423129483744
1443097440,559.754400518916
1443097500,560.635466244402
1443097560,561.218575763138
1443097620,561.604491025763
1443097680,730.897836413
1443097740,733.557185463923
1443097800,735.314264134926
1443097860,736.475196903425
1443097920,737.242245593514
1443097980,759.135177194342
1443098040,760.494768982401
1443098100,761.393904659306
1443098160,761.988527966526
1443098220,762.381768816123
1443098280,728.887154176152
1443098340,728.010097158326
1443098400,727.430404361547
1443098460,727.04725511149
1443098520,726.794011758053
1443098580,714.921466725324
1443098640,713.737099331992
1443098700,712.954238998689
1443098760,712.436772623888
1443098820,712.094730196064
1443098880,680.795235835899
1443098940,678.730465680225
1443099000,677.365276222048
1443099060,676.462637130913
1443099120,675.865828150324
1443099180,642.302577759954
1443099240,640.475173852523
1443099300,639.266219391287
1443099360,638.466412143749
1443099420,637.937284162733
1443099480,658.186539936718
1443099540,658.415044963503
1443099600,658.566168073625
1443099660,658.666114209317
1443099720,658.732214159427
1443099780,642.635589980312
1443099840,642.847217176297
1443099900,642.987141508997
1443099960,643.079657117826
1443100020,643.140826878023
1443100080,630.064410064158
1443100140,629.967305624936
1443100200,629.903095598179
1443100260,629.860636905569
1443100320,629.832561219118
1443100380,588.015091489069
1443100440,586.202692940271
1443100500,585.00370251
1443100560,584.210511601281
1443100620,583.685776956375
1443100680,570.108173848176
1443100740,569.56705041247
1443100800,569.208987830544
1443100860,568.97205702305
1443100920,568.815279380332
1443100980,559.226476984218
1443101040,558.350548748396
1443101100,557.770798197274
1443101160,557.387078746547
1443101220,557.133106384501
1443101280,660.363370149888
1443101340,664.448031417
1443101400,667.152058591747
1443101460,668.942112278851
1443101520,670.127119675465
1443101580,671.011596488643
1443101640,671.263595197555
1443101700,671.430387185855
1443101760,671.540782860027
1443101820,671.61385114706
1443101880,642.293824186546
1443101940,640.60890783861
1443102000,639.493810390436
1443102060,638.755825789332
1443102120,638.267418904034
1443102180,640.098187430062
1443102240,638.391988658999
1443102300,637.262911732481
1443102360,636.515745149304
1443102420,636.021307711159
1443102480,600.868039646796
1443102540,597.86345562281
1443102600,595.87452688605
1443102660,594.557926155856
1443102720,593.686382871921
1443102780,587.216388798063
1443102840,586.685412511861
1443102900,586.333908958599
1443102960,586.101215425636
1443103020,585.94717351118
1443103080,618.657694830896
1443103140,621.201646262061
1443103200,622.885750118107
1443103260,624.000632172538
1443103320,624.738687602332
1443103380,581.980890086737
1443103440,579.785117471798
1443103500,578.33144182976
1443103560,577.369059451058
1443103620,576.731929808066
1443103680,527.517126303312
1443103740,525.801415492581
1443103800,524.665394293612
1443103860,523.913202166339
1443103920,523.415154245363
1443103980,480.646606463776
1443104040,478.60738189316
1443104100,477.255578670056
1443104160,476.359467481359
1443104220,475.765434822772
1443104280,439.094928719601
1443104340,436.599455775593
1443104400,434.944251333902
1443104460,433.846382591075
1443104520,433.11818506688
1443104580,375.095663386064
1443104640,372.860564445867
1443104700,371.377096456382
1443104760,370.392496966736
1443104820,369.739003826416
1443104880,475.656891143178
1443104940,478.280851465551
1443105000,480.018328144597
1443105060,481.168812465754
1443105120,481.930615020684
1443105180,422.319668703068
1443105240,420.062734884108
1443105300,418.571492466526
1443105360,417.586171616924
1443105420,416.935132479882
1443105480,411.915953535389
1443105540,410.725263812114
1443105600,409.938504179676
1443105660,409.418645221349
1443105720,409.075143438326
1443105780,373.812126263668
1443105840,371.741434507947
1443105900,370.372661837342
1443105960,369.467873078409
1443106020,368.869787862453
1443106080,362.482857988144
1443106140,361.587575797348
1443106200,360.99574191408
1443106260,360.604505107423
1443106320,360.34587469911
1443106380,339.965774364446
1443106440,339.230672927705
1443106500,338.744675787607
1443106560,338.423368810939
1443106620,338.2109433361
1443106680,318.258239880702
1443106740,317.186346696355
1443106800,316.477534486244
1443106860,316.008817307574
1443106920,315.698868084851
1443106980,291.139534131588
1443107040,289.992151724668
1443107100,289.233285007779
1443107160,288.731378502564
1443107220,288.399422792331
1443107280,282.892488903005
1443107340,281.095175401731
1443107400,279.906654998337
1443107460,279.120714900363
1443107520,278.600991523431
1443107580,262.965977013522
1443107640,262.315323541274
1443107700,261.885072262717
1443107760,261.600564194144
1443107820,261.412430317228
1443107880,258.966045718573
1443107940,258.868615454074
1443108000,258.804185635374
1443108060,258.761578735363
1443108120,258.733403148884
1443108180,242.685158390549
1443108240,241.459351126799
1443108300,240.648697798386
1443108360,240.112594906601
1443108420,239.758058262505
1443108480,303.659703677533
1443108540,306.49470664288
1443108600,308.369491819565
1443108660,309.609285746303
1443108720,310.429160471092
1443108780,336.029079228522
1443108840,339.530852451581
1443108900,341.847392916435
1443108960,343.379862149443
1443109020,344.393641958492
1443109080,353.325255257502
1443109140,353.699979061395
1443109200,353.947944815412
1443109260,354.112031042459
1443109320,354.220611721324
1443109380,339.214800116615
1443109440,338.7526452708
1443109500,338.44690031492
1443109560,338.244630493683
1443109620,338.110816084661
1443109680,336.85822378405
1443109740,336.743017400864
1443109800,336.666800782731
1443109860,336.616378464809
1443109920,336.583020777118
1443109980,339.703477645166
1443110040,340.127655882943
1443110100,340.408283041799
1443110160,340.593939907886
1443110220,340.716766479861
1443110280,341.516188250846
1443110340,341.781457396518
1443110400,341.956953870575
1443110460,342.073058637786
1443110520,342.149871103914
1443110580,315.943535702699
1443110640,316.36898579688
1443110700,316.650452704624
1443110760,316.836664016452
1443110820,316.95985666077
1443110880,316.136560837979
1443110940,316.1690470865
1443111000,316.190538104486
1443111060,316.204755315616
1443111120,316.214160597975
1443111180,308.225750333926
1443111240,307.772540570124
1443111300,307.472721731411
1443111360,307.274377955025
1443111420,307.143164540284
1443111480,312.374736633593
1443111540,312.676818727104
1443111600,312.876654829316
1443111660,313.008852230634
1443111720,313.096304661512
1443111780,329.277253027773
1443111840,331.701986630604
1443111900,333.306026490078
1443111960,334.36715084113
1443112020,335.06911898846
1443112080,398.23574552782
1443112140,403.671389567231
1443112200,407.270189549146
1443112260,409.652862368766
1443112320,411.230368702511
1443112380,421.352940932221
1443112440,422.902480414499
1443112500,423.928867319107
1443112560,424.608727425932
1443112620,425.05905445444
1443112680,437.98616993479
1443112740,441.061690694631
1443112800,443.099396216259
1443112860,444.449490758652
1443112920,445.344004344668
